win,lose,probability
Cleveland Cavaliers,New York Knicks,0.9130112285215802
Golden State Warriors,San Antonio Spurs,0.7894272159434854
Portland Trail Blazers,Utah Jazz,0.656011759518183
Boston Celtics,Brooklyn Nets,0.8962599938014695
Indiana Pacers,Dallas Mavericks,0.6498461588955232
Houston Rockets,Los Angeles Lakers,0.8549539905201754
Memphis Grizzlies,Minnesota Timberwolves,0.6097732848599804
Charlotte Hornets,Milwaukee Bucks,0.695086818048515
Denver Nuggets,New Orleans Pelicans,0.5085514730208586
Miami Heat,Orlando Magic,0.6474298376718286
Oklahoma City Thunder,Philadelphia 76ers,0.9596113251051263
Sacramento Kings,Phoenix Suns,0.6749681866640473
Toronto Raptors,Detroit Pistons,0.7808815027148969
Atlanta Hawks,Washington Wizards,0.7205135371638239
Boston Celtics,Chicago Bulls,0.5598063619290032
Portland Trail Blazers,Los Angeles Clippers,0.5363355258527222
San Antonio Spurs,Sacramento Kings,0.8319671993030511
Indiana Pacers,Brooklyn Nets,0.8210762565253399
Dallas Mavericks,Houston Rockets,0.5306179379665883
Detroit Pistons,Orlando Magic,0.6940291568295407
Miami Heat,Charlotte Hornets,0.616558014825599
Golden State Warriors,New Orleans Pelicans,0.8992315333731837
Oklahoma City Thunder,Phoenix Suns,0.9410255916322835
Toronto Raptors,Cleveland Cavaliers,0.5288271894060456
Utah Jazz,Los Angeles Lakers,0.8183613080115844
Indiana Pacers,Chicago Bulls,0.5113558166978616
Charlotte Hornets,Boston Celtics,0.6187257038231764
Cleveland Cavaliers,Orlando Magic,0.8985241565572304
Portland Trail Blazers,Denver Nuggets,0.7229050756602224
Milwaukee Bucks,Brooklyn Nets,0.6842335653304795
Memphis Grizzlies,New York Knicks,0.5889748958187004
Atlanta Hawks,Philadelphia 76ers,0.9200338373393068
Sacramento Kings,Minnesota Timberwolves,0.5736222238940502
San Antonio Spurs,New Orleans Pelicans,0.9509594875970804
Detroit Pistons,Milwaukee Bucks,0.7467344778973642
Houston Rockets,Dallas Mavericks,0.5645367181701544
Los Angeles Clippers,Utah Jazz,0.7310547565541737
Washington Wizards,Memphis Grizzlies,0.5330557654393936
San Antonio Spurs,Miami Heat,0.6190694155881395
Oklahoma City Thunder,Los Angeles Lakers,0.9543695524044504
Golden State Warriors,Phoenix Suns,0.9391269298868805
Atlanta Hawks,Sacramento Kings,0.7966728846048753
Chicago Bulls,Brooklyn Nets,0.796390581038142
Los Angeles Clippers,Phoenix Suns,0.8865411990761163
Toronto Raptors,Denver Nuggets,0.8669759883825822
Cleveland Cavaliers,Houston Rockets,0.8493951881302997
Detroit Pistons,New York Knicks,0.7289023084498537
Indiana Pacers,Los Angeles Lakers,0.8720282063036319
Miami Heat,Sacramento Kings,0.7773900428488281
Memphis Grizzlies,Minnesota Timberwolves,0.5372414754773592
New Orleans Pelicans,Milwaukee Bucks,0.5010010806313214
Orlando Magic,Philadelphia 76ers,0.8571763223714982
Golden State Warriors,Portland Trail Blazers,0.6973692892037451
San Antonio Spurs,Utah Jazz,0.9012539131654698
Atlanta Hawks,Los Angeles Lakers,0.8972559419656514
Boston Celtics,Chicago Bulls,0.7057409794576298
Detroit Pistons,Brooklyn Nets,0.7955423014205161
Charlotte Hornets,Philadelphia 76ers,0.9349786445748849
Los Angeles Clippers,Oklahoma City Thunder,0.5185249441899568
Memphis Grizzlies,New Orleans Pelicans,0.625918567098263
Houston Rockets,New York Knicks,0.6663712741201201
Portland Trail Blazers,Phoenix Suns,0.8579669118078019
Utah Jazz,Dallas Mavericks,0.550981115857114
Toronto Raptors,Washington Wizards,0.6263460251866388
Cleveland Cavaliers,Boston Celtics,0.8086646940608376
Golden State Warriors,Oklahoma City Thunder,0.83295362401181
Indiana Pacers,Milwaukee Bucks,0.6610615439617102
Minnesota Timberwolves,Denver Nuggets,0.5482914498643173
Orlando Magic,Sacramento Kings,0.5661010865190576
Charlotte Hornets,Brooklyn Nets,0.8428565318753589
Chicago Bulls,New York Knicks,0.6613320574316414
Portland Trail Blazers,Dallas Mavericks,0.603273930335158
Golden State Warriors,Los Angeles Lakers,0.9627951466624164
Los Angeles Clippers,Memphis Grizzlies,0.6767367119461634
New Orleans Pelicans,Phoenix Suns,0.5860270310044171
Toronto Raptors,Miami Heat,0.7009175982457034
San Antonio Spurs,Utah Jazz,0.7373632812066246
Washington Wizards,Atlanta Hawks,0.5035286796892268
Atlanta Hawks,Houston Rockets,0.6983842486216503
Detroit Pistons,Denver Nuggets,0.739439556875558
Indiana Pacers,Chicago Bulls,0.6587512339344382
Sacramento Kings,Milwaukee Bucks,0.512110810142737
Oklahoma City Thunder,Minnesota Timberwolves,0.9167633427333499
Washington Wizards,Orlando Magic,0.5380902212390432
Cleveland Cavaliers,Philadelphia 76ers,0.9653450197917989
San Antonio Spurs,Los Angeles Clippers,0.8470000013253772
Boston Celtics,Denver Nuggets,0.8151280880818546
Dallas Mavericks,Milwaukee Bucks,0.6976094002482296
Phoenix Suns,Los Angeles Lakers,0.6719727572831592
Portland Trail Blazers,Memphis Grizzlies,0.6860165494911762
Utah Jazz,New York Knicks,0.6661559743969832
Toronto Raptors,Sacramento Kings,0.8488221931644097
Chicago Bulls,Orlando Magic,0.6222712269951891
Charlotte Hornets,Indiana Pacers,0.6635351490487504
Golden State Warriors,New Orleans Pelicans,0.9639503561124481
Los Angeles Clippers,Detroit Pistons,0.7446810513483795
Oklahoma City Thunder,Miami Heat,0.7966167959603792
Utah Jazz,Philadelphia 76ers,0.9039696987686293
Washington Wizards,Houston Rockets,0.5532526380946055
Minnesota Timberwolves,Brooklyn Nets,0.6778530672802223
Cleveland Cavaliers,Atlanta Hawks,0.8220295387907802
Dallas Mavericks,Los Angeles Lakers,0.8515943576388022
Memphis Grizzlies,Denver Nuggets,0.6071361834207393
Portland Trail Blazers,Phoenix Suns,0.845727736495679
Sacramento Kings,New Orleans Pelicans,0.590258164918521
Atlanta Hawks,Chicago Bulls,0.7121445529257743
Charlotte Hornets,Utah Jazz,0.6843033651991474
Golden State Warriors,Dallas Mavericks,0.9281371972045623
Indiana Pacers,Philadelphia 76ers,0.9230611081975278
Los Angeles Clippers,Portland Trail Blazers,0.612364394795698
New York Knicks,Brooklyn Nets,0.6583485668923135
Oklahoma City Thunder,Toronto Raptors,0.7276231978506664
Orlando Magic,Minnesota Timberwolves,0.6049465137215322
Detroit Pistons,Phoenix Suns,0.7659038674479608
San Antonio Spurs,Houston Rockets,0.9011677087278813
Boston Celtics,Washington Wizards,0.5186630364625369
Golden State Warriors,Denver Nuggets,0.869503058917675
Miami Heat,Chicago Bulls,0.687984930547503
Milwaukee Bucks,New Orleans Pelicans,0.5449018385054922
Sacramento Kings,Los Angeles Lakers,0.7186873071669295
Boston Celtics,New York Knicks,0.8068522052711328
Charlotte Hornets,Toronto Raptors,0.5105626860300954
Oklahoma City Thunder,Los Angeles Clippers,0.7710036453454081
Utah Jazz,Orlando Magic,0.5644108958099907
Indiana Pacers,Philadelphia 76ers,0.9118683190475515
Portland Trail Blazers,Sacramento Kings,0.7632562453337862
San Antonio Spurs,Detroit Pistons,0.9073498191518202
Cleveland Cavaliers,Washington Wizards,0.704771146053912
Atlanta Hawks,Philadelphia 76ers,0.9389329816726595
Chicago Bulls,Washington Wizards,0.5388035329327691
Detroit Pistons,Denver Nuggets,0.5855834581131211
San Antonio Spurs,Houston Rockets,0.7265819934310689
Indiana Pacers,Boston Celtics,0.5751803723858677
Miami Heat,Utah Jazz,0.6738119085605814
Memphis Grizzlies,Milwaukee Bucks,0.5602991578736195
Los Angeles Clippers,Minnesota Timberwolves,0.7271747705501743
New Orleans Pelicans,Los Angeles Lakers,0.6498031984433404
Phoenix Suns,Brooklyn Nets,0.5227359958649306
Toronto Raptors,New York Knicks,0.8606242437972009
Cleveland Cavaliers,Charlotte Hornets,0.8146210335411529
Golden State Warriors,Phoenix Suns,0.9731026183557008
Minnesota Timberwolves,Los Angeles Lakers,0.6997595881056864
Oklahoma City Thunder,Orlando Magic,0.8969752254826796
Portland Trail Blazers,Denver Nuggets,0.7891324609625735
Oklahoma City Thunder,Detroit Pistons,0.6357400419594786
Houston Rockets,Philadelphia 76ers,0.8933966611475741
Indiana Pacers,Orlando Magic,0.7393503799378094
Los Angeles Clippers,Brooklyn Nets,0.9126774674215273
Boston Celtics,New Orleans Pelicans,0.7306294779478257
Dallas Mavericks,New York Knicks,0.6603787500149289
San Antonio Spurs,Miami Heat,0.8655947807776884
Utah Jazz,Memphis Grizzlies,0.624780413578612
Cleveland Cavaliers,Toronto Raptors,0.7309545546978692
Brooklyn Nets,Los Angeles Lakers,0.6049742484378642
Miami Heat,Atlanta Hawks,0.6282699501442118
Charlotte Hornets,Minnesota Timberwolves,0.6749974105091168
Portland Trail Blazers,Chicago Bulls,0.6705800865565895
Atlanta Hawks,Milwaukee Bucks,0.825336540781943
Boston Celtics,Dallas Mavericks,0.6974990415618458
Denver Nuggets,Phoenix Suns,0.6546875055509863
Cleveland Cavaliers,Indiana Pacers,0.6206755205836689
Los Angeles Clippers,Memphis Grizzlies,0.7910227339462814
Detroit Pistons,New York Knicks,0.6503067969573578
Oklahoma City Thunder,Houston Rockets,0.8472238572964478
Orlando Magic,New Orleans Pelicans,0.6211674300283996
Washington Wizards,Philadelphia 76ers,0.8943254415460042
San Antonio Spurs,Sacramento Kings,0.8319671993030511
Golden State Warriors,Toronto Raptors,0.5695521599133815
Portland Trail Blazers,Houston Rockets,0.5766390211701342
Miami Heat,Milwaukee Bucks,0.8081173300275017
Minnesota Timberwolves,Philadelphia 76ers,0.8040536905887292
Utah Jazz,Chicago Bulls,0.5607008199705429
Washington Wizards,New York Knicks,0.6973953595574389
Golden State Warriors,Boston Celtics,0.6616875964468651
Charlotte Hornets,Atlanta Hawks,0.6394423921040312
Cleveland Cavaliers,Detroit Pistons,0.8583065568871933
Dallas Mavericks,Memphis Grizzlies,0.6117594720341826
Toronto Raptors,Denver Nuggets,0.7590652477760891
Indiana Pacers,Phoenix Suns,0.8386750769557114
San Antonio Spurs,Los Angeles Lakers,0.9518508770089357
Portland Trail Blazers,New Orleans Pelicans,0.7774834354110458
Oklahoma City Thunder,Brooklyn Nets,0.9552444981885363
Los Angeles Clippers,Sacramento Kings,0.7085865620009247
Detroit Pistons,Boston Celtics,0.5198516305997938
Houston Rockets,Utah Jazz,0.5581673187679234
Los Angeles Clippers,Chicago Bulls,0.7436866746532806
Memphis Grizzlies,Minnesota Timberwolves,0.6097732848599804
Golden State Warriors,Milwaukee Bucks,0.8863380760601165
Charlotte Hornets,New Orleans Pelicans,0.7228924483317842
Dallas Mavericks,Orlando Magic,0.5580410968087066
Phoenix Suns,Philadelphia 76ers,0.7660651941560315
Miami Heat,Washington Wizards,0.5334220566388772
Portland Trail Blazers,Brooklyn Nets,0.8778089962654294
Utah Jazz,Denver Nuggets,0.6025733498665371
Chicago Bulls,Los Angeles Lakers,0.8465493869180952
Atlanta Hawks,New York Knicks,0.70920472792903
Oklahoma City Thunder,Indiana Pacers,0.8347162326213007
Toronto Raptors,Sacramento Kings,0.7539737503990428
Charlotte Hornets,Memphis Grizzlies,0.7511472365075618
Detroit Pistons,Houston Rockets,0.5909651357380769
Golden State Warriors,Indiana Pacers,0.708451956103952
Los Angeles Clippers,Toronto Raptors,0.5667535925563204
Orlando Magic,Milwaukee Bucks,0.5308103318886861
Boston Celtics,Minnesota Timberwolves,0.6834861904109655
Miami Heat,Philadelphia 76ers,0.9302677602654816
San Antonio Spurs,Dallas Mavericks,0.9035322188299342
Washington Wizards,Phoenix Suns,0.7808620423414138
Atlanta Hawks,New Orleans Pelicans,0.8312024502286235
Chicago Bulls,Denver Nuggets,0.5868504504077459
Oklahoma City Thunder,Los Angeles Lakers,0.9369602419436217
Portland Trail Blazers,New York Knicks,0.7744425732170727
Boston Celtics,Brooklyn Nets,0.8479486042900819
San Antonio Spurs,Charlotte Hornets,0.6076530290327451
Cleveland Cavaliers,Portland Trail Blazers,0.7664037237961833
Los Angeles Clippers,Dallas Mavericks,0.5929994722377727
Detroit Pistons,Miami Heat,0.5050616410350295
Golden State Warriors,Los Angeles Lakers,0.9793478936526382
Toronto Raptors,Houston Rockets,0.6219034002877428
Indiana Pacers,Atlanta Hawks,0.5967209445126708
Minnesota Timberwolves,New Orleans Pelicans,0.5057847385564906
Orlando Magic,Phoenix Suns,0.6892947172258305
Memphis Grizzlies,Philadelphia 76ers,0.8711327290312085
Oklahoma City Thunder,Sacramento Kings,0.7882491044177234
Utah Jazz,Denver Nuggets,0.7011753274278666
San Antonio Spurs,Boston Celtics,0.5990546767358986
Cleveland Cavaliers,Dallas Mavericks,0.852796000480726
Oklahoma City Thunder,Denver Nuggets,0.7928261813119253
Los Angeles Clippers,Detroit Pistons,0.5327150886871326
Indiana Pacers,Brooklyn Nets,0.8742740198607609
Golden State Warriors,Los Angeles Lakers,0.9627951466624164
Miami Heat,Memphis Grizzlies,0.642795993261772
Toronto Raptors,Milwaukee Bucks,0.7866516937967307
Charlotte Hornets,New York Knicks,0.7193748295384084
Washington Wizards,Orlando Magic,0.5380902212390432
Chicago Bulls,Philadelphia 76ers,0.8981552584513385
Minnesota Timberwolves,Phoenix Suns,0.6388980766986494
Portland Trail Blazers,New Orleans Pelicans,0.8020506721033909
Houston Rockets,Sacramento Kings,0.5961683506619109
Atlanta Hawks,Utah Jazz,0.5054764446258226
Charlotte Hornets,New York Knicks,0.8011910597758878
Golden State Warriors,Minnesota Timberwolves,0.9614970032934337
Miami Heat,Memphis Grizzlies,0.7420397861055936
Oklahoma City Thunder,Detroit Pistons,0.8562419601568882
San Antonio Spurs,Washington Wizards,0.7303279920085075
Sacramento Kings,Brooklyn Nets,0.7117873461683928
Dallas Mavericks,New Orleans Pelicans,0.7062381111557101
Indiana Pacers,Los Angeles Clippers,0.523114299403967
Atlanta Hawks,Los Angeles Lakers,0.8780083176048172
Orlando Magic,Milwaukee Bucks,0.6114148077184607
Cleveland Cavaliers,Philadelphia 76ers,0.9653450197917989
Denver Nuggets,Phoenix Suns,0.6414478853502842
Portland Trail Blazers,Houston Rockets,0.6557932277242924
Golden State Warriors,Atlanta Hawks,0.9114830172859795
Charlotte Hornets,Memphis Grizzlies,0.619954576386601
Miami Heat,Boston Celtics,0.6073055505223526
Utah Jazz,Minnesota Timberwolves,0.6178335817176983
Oklahoma City Thunder,New York Knicks,0.8343390734596096
Toronto Raptors,Philadelphia 76ers,0.9565838588580708
Washington Wizards,Sacramento Kings,0.6769595515130695
Los Angeles Clippers,Brooklyn Nets,0.8731494706237701
Charlotte Hornets,Detroit Pistons,0.6993241310494986
Cleveland Cavaliers,Milwaukee Bucks,0.8400243148869082
New Orleans Pelicans,Los Angeles Lakers,0.6498031984433404
San Antonio Spurs,Orlando Magic,0.9347061603656535
Utah Jazz,Houston Rockets,0.5443332426630075
Boston Celtics,Detroit Pistons,0.7068245341812378
Chicago Bulls,Los Angeles Lakers,0.7982860935537153
San Antonio Spurs,Dallas Mavericks,0.747907574798972
Miami Heat,Denver Nuggets,0.6824115692606135
Minnesota Timberwolves,New York Knicks,0.5348863746368988
Oklahoma City Thunder,Washington Wizards,0.8606124350887648
Atlanta Hawks,Phoenix Suns,0.8109908772149458
Portland Trail Blazers,Indiana Pacers,0.6343767946862214
Toronto Raptors,Memphis Grizzlies,0.822221220518293
Milwaukee Bucks,Brooklyn Nets,0.6718972224778361
Charlotte Hornets,Dallas Mavericks,0.6898647424278719
Cleveland Cavaliers,Los Angeles Clippers,0.7739692478280907
Golden State Warriors,Houston Rockets,0.9263266012308601
Memphis Grizzlies,Orlando Magic,0.5526185930707583
Miami Heat,Utah Jazz,0.5423754739210298
Atlanta Hawks,Detroit Pistons,0.7132141096620681
Boston Celtics,Sacramento Kings,0.791599434619644
Cleveland Cavaliers,Chicago Bulls,0.7380410595669373
Houston Rockets,Denver Nuggets,0.602805205458901
Los Angeles Clippers,New Orleans Pelicans,0.7700005813019538
Minnesota Timberwolves,New York Knicks,0.5014119746716116
Orlando Magic,Philadelphia 76ers,0.8571763223714982
San Antonio Spurs,Washington Wizards,0.9103292522909051
Toronto Raptors,Los Angeles Lakers,0.9260038356187313
Charlotte Hornets,Minnesota Timberwolves,0.8113523800277161
Dallas Mavericks,Chicago Bulls,0.5470682391537168
Golden State Warriors,Phoenix Suns,0.9731026183557008
Memphis Grizzlies,Los Angeles Lakers,0.7479433881499167
Milwaukee Bucks,Brooklyn Nets,0.6842335653304795
Boston Celtics,Philadelphia 76ers,0.9263282110632743
Portland Trail Blazers,Miami Heat,0.5736829579084999
Toronto Raptors,Atlanta Hawks,0.7309944846468768
Utah Jazz,Denver Nuggets,0.7011753274278666
Detroit Pistons,Orlando Magic,0.6940291568295407
Los Angeles Clippers,Indiana Pacers,0.7120680057802287
Sacramento Kings,New York Knicks,0.5413567279840985
Oklahoma City Thunder,New Orleans Pelicans,0.9218353374428436
Oklahoma City Thunder,Atlanta Hawks,0.5213028450330393
Washington Wizards,Brooklyn Nets,0.7896302886637939
Portland Trail Blazers,Chicago Bulls,0.6209584621941154
Charlotte Hornets,Dallas Mavericks,0.531687297212528
Golden State Warriors,Indiana Pacers,0.9196810898977898
Boston Celtics,Houston Rockets,0.5139336654013342
Utah Jazz,Los Angeles Lakers,0.8548338770768715
San Antonio Spurs,Milwaukee Bucks,0.856260743994729
Memphis Grizzlies,New Orleans Pelicans,0.5932027496716883
Denver Nuggets,Philadelphia 76ers,0.827498201582497
Toronto Raptors,Cleveland Cavaliers,0.5288271894060456
Detroit Pistons,Chicago Bulls,0.6068674388231582
Memphis Grizzlies,Philadelphia 76ers,0.8393427094556469
Miami Heat,New York Knicks,0.7934113840834807
San Antonio Spurs,Minnesota Timberwolves,0.8444134448537317
Utah Jazz,Phoenix Suns,0.7746358324635803
Washington Wizards,Orlando Magic,0.6603577842255334
Atlanta Hawks,Miami Heat,0.6205553854685367
Denver Nuggets,Brooklyn Nets,0.6802654645880248
Charlotte Hornets,Detroit Pistons,0.6993241310494986
Dallas Mavericks,Sacramento Kings,0.656703397577921
Houston Rockets,Los Angeles Lakers,0.8263883320064033
Golden State Warriors,Los Angeles Clippers,0.6178405521182727
Portland Trail Blazers,Milwaukee Bucks,0.7532860953727499
Cleveland Cavaliers,New York Knicks,0.8551727706991306
Boston Celtics,Orlando Magic,0.6338013784590519
Indiana Pacers,Phoenix Suns,0.7941816409142491
San Antonio Spurs,Chicago Bulls,0.7616917028602986
Portland Trail Blazers,Memphis Grizzlies,0.6860165494911762
New Orleans Pelicans,Philadelphia 76ers,0.7656386758500224
Toronto Raptors,Minnesota Timberwolves,0.8682474110467095
Golden State Warriors,Utah Jazz,0.7861049610312953
Washington Wizards,Denver Nuggets,0.7086677750506851
Boston Celtics,Toronto Raptors,0.5195367206595519
Charlotte Hornets,Orlando Magic,0.7727173384674243
Cleveland Cavaliers,Miami Heat,0.7993370262851767
Dallas Mavericks,Indiana Pacers,0.5072649844982932
Phoenix Suns,Los Angeles Lakers,0.6719727572831592
Atlanta Hawks,Milwaukee Bucks,0.684422634500296
Detroit Pistons,Minnesota Timberwolves,0.6010641564644117
Oklahoma City Thunder,Houston Rockets,0.8472238572964478
Sacramento Kings,New York Knicks,0.5576373530574387
Miami Heat,Chicago Bulls,0.5743391700955991
Cleveland Cavaliers,Charlotte Hornets,0.8146210335411529
Houston Rockets,Dallas Mavericks,0.5645367181701544
Indiana Pacers,Portland Trail Blazers,0.5124416414110734
Los Angeles Clippers,New Orleans Pelicans,0.8524025212262367
Golden State Warriors,Memphis Grizzlies,0.8480277926199438
Orlando Magic,Denver Nuggets,0.6022980679181542
San Antonio Spurs,Brooklyn Nets,0.9722945247335083
Utah Jazz,Sacramento Kings,0.6690324818994352
Washington Wizards,Milwaukee Bucks,0.7164939027675794
Detroit Pistons,Philadelphia 76ers,0.9056048374180425
New York Knicks,Los Angeles Lakers,0.7600389039365694
Golden State Warriors,Minnesota Timberwolves,0.8766125852764666
Oklahoma City Thunder,Boston Celtics,0.8060402289255942
New Orleans Pelicans,Phoenix Suns,0.6229755531091715
Dallas Mavericks,Denver Nuggets,0.6894878904579694
Houston Rockets,Brooklyn Nets,0.8292782869575829
Indiana Pacers,Charlotte Hornets,0.5846721085577304
Los Angeles Clippers,Portland Trail Blazers,0.612364394795698
Miami Heat,Washington Wizards,0.6967572250562925
Sacramento Kings,Los Angeles Lakers,0.7186873071669295
Toronto Raptors,Milwaukee Bucks,0.8713216353796783
Atlanta Hawks,Orlando Magic,0.7842627918873759
Chicago Bulls,Minnesota Timberwolves,0.6757486963217634
Cleveland Cavaliers,Memphis Grizzlies,0.8871499652807164
Golden State Warriors,New Orleans Pelicans,0.8992315333731837
New York Knicks,Phoenix Suns,0.653769732531933
Oklahoma City Thunder,Portland Trail Blazers,0.5696137914943262
Los Angeles Lakers,Brooklyn Nets,0.5256296545346097
Dallas Mavericks,Detroit Pistons,0.5483621659529614
Houston Rockets,Sacramento Kings,0.681087003658746
Cleveland Cavaliers,Memphis Grizzlies,0.7898057229530306
Miami Heat,Indiana Pacers,0.652703789034717
Los Angeles Clippers,Orlando Magic,0.6811486632450346
Toronto Raptors,Philadelphia 76ers,0.951362236275893
San Antonio Spurs,Boston Celtics,0.8723344174417554
Oklahoma City Thunder,Utah Jazz,0.6785418286275422
Charlotte Hornets,Washington Wizards,0.5089297928679415
Portland Trail Blazers,Denver Nuggets,0.7229050756602224
Golden State Warriors,New York Knicks,0.9590145422659986
Chicago Bulls,Milwaukee Bucks,0.6243980931033863
Indiana Pacers,New Orleans Pelicans,0.6905888101813087
San Antonio Spurs,Phoenix Suns,0.9217859527718197
Boston Celtics,Charlotte Hornets,0.6362295815038792
Chicago Bulls,Milwaukee Bucks,0.6816677513766324
Houston Rockets,New Orleans Pelicans,0.7285576496109551
Memphis Grizzlies,Sacramento Kings,0.5710659492227421
Miami Heat,Los Angeles Clippers,0.5561383923274281
Orlando Magic,Brooklyn Nets,0.7479503126660112
Los Angeles Lakers,Philadelphia 76ers,0.714147950155434
Toronto Raptors,Atlanta Hawks,0.7309944846468768
Utah Jazz,Dallas Mavericks,0.550981115857114
Washington Wizards,Detroit Pistons,0.5708332670797592
Atlanta Hawks,Charlotte Hornets,0.6433814641417135
Cleveland Cavaliers,Los Angeles Lakers,0.9550987809858879
Denver Nuggets,New York Knicks,0.5508081712630339
Detroit Pistons,Indiana Pacers,0.5681711664984941
Golden State Warriors,Portland Trail Blazers,0.8797256345058798
Houston Rockets,Minnesota Timberwolves,0.6180621775379017
Oklahoma City Thunder,Phoenix Suns,0.9410255916322835
Dallas Mavericks,Sacramento Kings,0.656703397577921
Utah Jazz,Memphis Grizzlies,0.5594284306284305
Miami Heat,Boston Celtics,0.6073055505223526
Toronto Raptors,Orlando Magic,0.7291759506365731
Brooklyn Nets,Philadelphia 76ers,0.7099906433829324
San Antonio Spurs,New Orleans Pelicans,0.9509594875970804
Los Angeles Clippers,Washington Wizards,0.5708163733433069
Chicago Bulls,Detroit Pistons,0.5298550149167589
Dallas Mavericks,Denver Nuggets,0.5963625167223761
Indiana Pacers,Washington Wizards,0.6679487463299708
Minnesota Timberwolves,Phoenix Suns,0.6400415025573766
Oklahoma City Thunder,Atlanta Hawks,0.8195474859488786
Charlotte Hornets,Los Angeles Lakers,0.8909163844998739
Golden State Warriors,Utah Jazz,0.9263926537527296
San Antonio Spurs,Houston Rockets,0.7265819934310689
Los Angeles Clippers,Denver Nuggets,0.8421234672280135
Boston Celtics,Memphis Grizzlies,0.6290910311570079
Miami Heat,Orlando Magic,0.7641514404824822
Cleveland Cavaliers,Milwaukee Bucks,0.8400243148869082
Indiana Pacers,New York Knicks,0.6868387693980695
New Orleans Pelicans,Philadelphia 76ers,0.8158594231724983
Portland Trail Blazers,Sacramento Kings,0.717333990053399
Toronto Raptors,Brooklyn Nets,0.927381296932463
Atlanta Hawks,Minnesota Timberwolves,0.8213889019374823
Chicago Bulls,Washington Wizards,0.5388035329327691
Cleveland Cavaliers,Milwaukee Bucks,0.9200612770952696
Detroit Pistons,Memphis Grizzlies,0.668197875375857
Oklahoma City Thunder,New Orleans Pelicans,0.8367426638677044
Houston Rockets,Phoenix Suns,0.778466989450081
Portland Trail Blazers,Dallas Mavericks,0.6618252285940409
Utah Jazz,Sacramento Kings,0.6690324818994352
Golden State Warriors,Brooklyn Nets,0.9483139588515715
Indiana Pacers,Boston Celtics,0.5751803723858677
San Antonio Spurs,Los Angeles Clippers,0.5525790198530938
Miami Heat,Los Angeles Lakers,0.8861488553178497
Orlando Magic,New York Knicks,0.5598986338129606
Oklahoma City Thunder,Boston Celtics,0.5290416728491427
Charlotte Hornets,Chicago Bulls,0.6982246907112838
Cleveland Cavaliers,Brooklyn Nets,0.9559603893339869
Atlanta Hawks,Denver Nuggets,0.6495072144331204
Golden State Warriors,Detroit Pistons,0.7523989948713795
Los Angeles Clippers,Dallas Mavericks,0.7361101519343061
Houston Rockets,Memphis Grizzlies,0.559667063250249
Washington Wizards,Milwaukee Bucks,0.614690136007662
Minnesota Timberwolves,Sacramento Kings,0.5111684537085919
Miami Heat,New Orleans Pelicans,0.7421205855004764
Orlando Magic,Los Angeles Lakers,0.7441084614437525
Phoenix Suns,Philadelphia 76ers,0.6539395884505455
San Antonio Spurs,Portland Trail Blazers,0.6377255216069952
Toronto Raptors,Utah Jazz,0.6347373051069556
Cleveland Cavaliers,Golden State Warriors,0.5622898416057068
Los Angeles Clippers,Los Angeles Lakers,0.9066161609406339
Boston Celtics,New York Knicks,0.7271730063667625
Oklahoma City Thunder,Minnesota Timberwolves,0.9167633427333499
San Antonio Spurs,Chicago Bulls,0.9069097831113357
Charlotte Hornets,Brooklyn Nets,0.8428565318753589
Indiana Pacers,Chicago Bulls,0.5113558166978616
Cleveland Cavaliers,Detroit Pistons,0.671722753841371
Houston Rockets,Phoenix Suns,0.7840853629530407
Los Angeles Clippers,Denver Nuggets,0.8421234672280135
Atlanta Hawks,Minnesota Timberwolves,0.6639702801333819
Dallas Mavericks,New Orleans Pelicans,0.6642907742794978
Orlando Magic,Memphis Grizzlies,0.5180015981330619
Toronto Raptors,Portland Trail Blazers,0.5214346862015495
Sacramento Kings,Philadelphia 76ers,0.818115488825759
Washington Wizards,Milwaukee Bucks,0.7164939027675794
Boston Celtics,Memphis Grizzlies,0.757802618473728
Dallas Mavericks,Houston Rockets,0.5306179379665883
Utah Jazz,Los Angeles Lakers,0.8548338770768715
Oklahoma City Thunder,Miami Heat,0.5499255837537276
Atlanta Hawks,New York Knicks,0.8116426858959749
Chicago Bulls,Brooklyn Nets,0.8015314940676493
Denver Nuggets,Minnesota Timberwolves,0.566848131267657
Detroit Pistons,Milwaukee Bucks,0.7467344778973642
Golden State Warriors,Toronto Raptors,0.8582938254724134
Los Angeles Clippers,New Orleans Pelicans,0.7700005813019538
Charlotte Hornets,Orlando Magic,0.6247117344990514
Portland Trail Blazers,Sacramento Kings,0.7632562453337862
San Antonio Spurs,Phoenix Suns,0.96328424248706
Washington Wizards,Indiana Pacers,0.5300283947439483
Charlotte Hornets,Miami Heat,0.6046652112774915
Cleveland Cavaliers,Boston Celtics,0.8086646940608376
Dallas Mavericks,Los Angeles Lakers,0.8515943576388022
Oklahoma City Thunder,Memphis Grizzlies,0.7621837855703997
Toronto Raptors,Phoenix Suns,0.8794412187497098
Utah Jazz,Philadelphia 76ers,0.8880480890427561
Atlanta Hawks,Detroit Pistons,0.7132141096620681
Boston Celtics,Miami Heat,0.6132209284093139
Denver Nuggets,Philadelphia 76ers,0.8139660262968291
Golden State Warriors,Dallas Mavericks,0.9281371972045623
Los Angeles Clippers,Houston Rockets,0.5661708169778313
Indiana Pacers,Chicago Bulls,0.6587512339344382
Minnesota Timberwolves,Milwaukee Bucks,0.5577371419552369
New York Knicks,New Orleans Pelicans,0.5220373225957848
San Antonio Spurs,Portland Trail Blazers,0.8413779290919374
Washington Wizards,Brooklyn Nets,0.8265804171967148
Chicago Bulls,Milwaukee Bucks,0.6816677513766324
Cleveland Cavaliers,Charlotte Hornets,0.5772007059622029
Houston Rockets,New York Knicks,0.7013768857944068
Oklahoma City Thunder,Los Angeles Clippers,0.7710036453454081
Memphis Grizzlies,Sacramento Kings,0.5143550720166595
Utah Jazz,Phoenix Suns,0.7746358324635803
San Antonio Spurs,Atlanta Hawks,0.5915781500843654
Indiana Pacers,Orlando Magic,0.7393503799378094
Toronto Raptors,Los Angeles Lakers,0.9244490699426664
Miami Heat,Detroit Pistons,0.6891050657893577
Portland Trail Blazers,Minnesota Timberwolves,0.7355724516742842
Utah Jazz,Brooklyn Nets,0.8067649168613134
Charlotte Hornets,Chicago Bulls,0.5501835528681198
Cleveland Cavaliers,New Orleans Pelicans,0.9230425753203647
Golden State Warriors,Denver Nuggets,0.9610851143781913
Houston Rockets,Washington Wizards,0.5842279315162767
Los Angeles Clippers,Phoenix Suns,0.8865411990761163
Oklahoma City Thunder,Milwaukee Bucks,0.8174765839472757
Orlando Magic,New York Knicks,0.5598986338129606
Boston Celtics,Utah Jazz,0.692013445500141
Dallas Mavericks,Washington Wizards,0.5572527732688659
Denver Nuggets,Sacramento Kings,0.527184468737602
Detroit Pistons,Indiana Pacers,0.5681711664984941
Memphis Grizzlies,Los Angeles Lakers,0.8087498983214494
Minnesota Timberwolves,Philadelphia 76ers,0.8259123909318575
Miami Heat,Phoenix Suns,0.83264141512384
San Antonio Spurs,Toronto Raptors,0.8145533498961374
Oklahoma City Thunder,Charlotte Hornets,0.5379834912434676
Cleveland Cavaliers,Chicago Bulls,0.8576701308642041
Golden State Warriors,Portland Trail Blazers,0.8797256345058798
Los Angeles Clippers,Memphis Grizzlies,0.7910227339462814
New York Knicks,Milwaukee Bucks,0.5053738932864221
Atlanta Hawks,Orlando Magic,0.6129567552067336
Miami Heat,Sacramento Kings,0.6763907967986469
Dallas Mavericks,Phoenix Suns,0.7648580161499344
San Antonio Spurs,Denver Nuggets,0.8357961467012501
Detroit Pistons,Charlotte Hornets,0.5295684987419369
Oklahoma City Thunder,Houston Rockets,0.6664382184364943
Indiana Pacers,Brooklyn Nets,0.8742740198607609
Atlanta Hawks,New Orleans Pelicans,0.7127989329365465
Portland Trail Blazers,Los Angeles Lakers,0.877835156560963
Toronto Raptors,Utah Jazz,0.7685868346608491
Boston Celtics,Philadelphia 76ers,0.9371290970898276
Cleveland Cavaliers,Brooklyn Nets,0.9251200183223971
Golden State Warriors,Memphis Grizzlies,0.9460212213188831
Miami Heat,Los Angeles Lakers,0.8929950582634935
Milwaukee Bucks,New York Knicks,0.5116575481563216
Houston Rockets,Orlando Magic,0.5646489298746502
Los Angeles Clippers,Sacramento Kings,0.7085865620009247
Washington Wizards,Minnesota Timberwolves,0.7109478160745278
Boston Celtics,New Orleans Pelicans,0.8268032782855856
Toronto Raptors,Chicago Bulls,0.6642434069379102
Atlanta Hawks,Dallas Mavericks,0.5192608056722798
Indiana Pacers,New York Knicks,0.7707641779878849
Utah Jazz,Minnesota Timberwolves,0.6178335817176983
Oklahoma City Thunder,Denver Nuggets,0.9159147615238522
San Antonio Spurs,Charlotte Hornets,0.8766111246327749
Brooklyn Nets,Philadelphia 76ers,0.6137406720198899
Los Angeles Clippers,Miami Heat,0.6573040134160162
Orlando Magic,Los Angeles Lakers,0.7896686240113522
Utah Jazz,Memphis Grizzlies,0.5594284306284305
Washington Wizards,Milwaukee Bucks,0.614690136007662
Cleveland Cavaliers,Phoenix Suns,0.912192071854818
Portland Trail Blazers,Detroit Pistons,0.6717328917173334
Golden State Warriors,Sacramento Kings,0.8663343981865858
Toronto Raptors,Houston Rockets,0.7684145733439847
Oklahoma City Thunder,Chicago Bulls,0.7061475560670188
Dallas Mavericks,Minnesota Timberwolves,0.6117075547647671
New York Knicks,New Orleans Pelicans,0.51567973777487
Atlanta Hawks,Brooklyn Nets,0.8361421889507
Golden State Warriors,Miami Heat,0.8987921702611069
Charlotte Hornets,Houston Rockets,0.5041962068965881
Portland Trail Blazers,Los Angeles Lakers,0.9101728425696105
Detroit Pistons,Sacramento Kings,0.5788598810819976
San Antonio Spurs,Milwaukee Bucks,0.9489999241946351
Toronto Raptors,Boston Celtics,0.7131786158285643
Cleveland Cavaliers,Utah Jazz,0.7122104399235955
Washington Wizards,Chicago Bulls,0.5695531838028736
Boston Celtics,Washington Wizards,0.7142214278135106
Los Angeles Clippers,Orlando Magic,0.8100107190404351
Houston Rockets,Minnesota Timberwolves,0.6180621775379017
Oklahoma City Thunder,Memphis Grizzlies,0.8854495519757062
New York Knicks,Philadelphia 76ers,0.8350702847779858
Cleveland Cavaliers,Portland Trail Blazers,0.6081019507704416
New Orleans Pelicans,Brooklyn Nets,0.6627415084030708
Indiana Pacers,Denver Nuggets,0.6249776985978249
Golden State Warriors,Detroit Pistons,0.9310553839425982
Chicago Bulls,New York Knicks,0.6514936770489553
Dallas Mavericks,Phoenix Suns,0.7738044455624149
San Antonio Spurs,Los Angeles Lakers,0.9717430378612711
Atlanta Hawks,Boston Celtics,0.6343924426923212
Houston Rockets,Memphis Grizzlies,0.637573573446495
Miami Heat,Milwaukee Bucks,0.715484982782673
Oklahoma City Thunder,Minnesota Timberwolves,0.8031674447918999
Charlotte Hornets,Philadelphia 76ers,0.923624581405363
Portland Trail Blazers,Orlando Magic,0.7494480107032695
Cleveland Cavaliers,Sacramento Kings,0.8135840562756691
Toronto Raptors,Brooklyn Nets,0.927381296932463
Utah Jazz,Detroit Pistons,0.561986983226499
Chicago Bulls,New Orleans Pelicans,0.6905495716270716
Los Angeles Clippers,Los Angeles Lakers,0.9110478500447097
San Antonio Spurs,Phoenix Suns,0.9217859527718197
Utah Jazz,Orlando Magic,0.6522326089657644
Washington Wizards,Philadelphia 76ers,0.891579564524576
Atlanta Hawks,Milwaukee Bucks,0.825336540781943
Houston Rockets,Brooklyn Nets,0.8069158198370152
Dallas Mavericks,Minnesota Timberwolves,0.6918527678828956
Detroit Pistons,Los Angeles Lakers,0.8458696357645505
Chicago Bulls,Memphis Grizzlies,0.5432923423621372
Oklahoma City Thunder,Sacramento Kings,0.7882491044177234
Toronto Raptors,New York Knicks,0.8606242437972009
Boston Celtics,Charlotte Hornets,0.6362295815038792
Denver Nuggets,Orlando Magic,0.508474252103209
Golden State Warriors,Cleveland Cavaliers,0.8096351588649227
Indiana Pacers,New Orleans Pelicans,0.7934888501843469
Los Angeles Clippers,Oklahoma City Thunder,0.5185249441899568
Milwaukee Bucks,Philadelphia 76ers,0.7889639058138019
Atlanta Hawks,New York Knicks,0.70920472792903
Utah Jazz,Phoenix Suns,0.7782999613406014
Portland Trail Blazers,Washington Wizards,0.5812553885929078
Toronto Raptors,Brooklyn Nets,0.8966447255566642
Chicago Bulls,Dallas Mavericks,0.5187331816290358
Denver Nuggets,Los Angeles Lakers,0.7500531176570421
Miami Heat,Houston Rockets,0.6735990585478981
San Antonio Spurs,Minnesota Timberwolves,0.9476700379392541
Boston Celtics,New York Knicks,0.8068522052711328
Charlotte Hornets,Portland Trail Blazers,0.5574700969404547
Detroit Pistons,Atlanta Hawks,0.541963575117988
Golden State Warriors,Oklahoma City Thunder,0.83295362401181
Houston Rockets,Milwaukee Bucks,0.7203249136728482
Orlando Magic,New Orleans Pelicans,0.5642042721748569
Toronto Raptors,Philadelphia 76ers,0.951362236275893
Indiana Pacers,Sacramento Kings,0.6184768449224567
Washington Wizards,Memphis Grizzlies,0.6331862621621352
Cleveland Cavaliers,Phoenix Suns,0.9419551024707636
Los Angeles Clippers,Minnesota Timberwolves,0.8435895726301043
Miami Heat,Dallas Mavericks,0.6794715357187534
Washington Wizards,New York Knicks,0.6420846062649017
San Antonio Spurs,Denver Nuggets,0.9471183691669522
Atlanta Hawks,Chicago Bulls,0.7121445529257743
Charlotte Hornets,Toronto Raptors,0.5105626860300954
Dallas Mavericks,Utah Jazz,0.5308590891189291
Golden State Warriors,Houston Rockets,0.776718648557498
Indiana Pacers,Los Angeles Lakers,0.8661756795857635
Memphis Grizzlies,Sacramento Kings,0.5710659492227421
New Orleans Pelicans,Brooklyn Nets,0.6544033224565323
Orlando Magic,Milwaukee Bucks,0.6114148077184607
Portland Trail Blazers,Philadelphia 76ers,0.9418516807833412
Atlanta Hawks,Philadelphia 76ers,0.9389329816726595
Boston Celtics,Portland Trail Blazers,0.5663146281439132
Chicago Bulls,Sacramento Kings,0.6397189690784588
Charlotte Hornets,Brooklyn Nets,0.892871445566217
Cleveland Cavaliers,San Antonio Spurs,0.6270908229024128
Los Angeles Clippers,Denver Nuggets,0.714261377036653
Detroit Pistons,Washington Wizards,0.6166495727337131
Houston Rockets,Memphis Grizzlies,0.559667063250249
Miami Heat,Milwaukee Bucks,0.8081173300275017
New York Knicks,Phoenix Suns,0.5902641125884998
Utah Jazz,Indiana Pacers,0.5210467296343781
Dallas Mavericks,Los Angeles Lakers,0.8100153194570778
Minnesota Timberwolves,Denver Nuggets,0.5482914498643173
Golden State Warriors,Orlando Magic,0.8506179797733467
Toronto Raptors,Phoenix Suns,0.9051888086602738
Atlanta Hawks,Los Angeles Clippers,0.5843390275284714
San Antonio Spurs,Brooklyn Nets,0.9334045151279683
Charlotte Hornets,Washington Wizards,0.7068317722988408
Detroit Pistons,Sacramento Kings,0.7097085782909839
Indiana Pacers,New York Knicks,0.7707641779878849
Golden State Warriors,Miami Heat,0.680244626342678
Houston Rockets,Milwaukee Bucks,0.6397928572267471
Cleveland Cavaliers,New Orleans Pelicans,0.8573257733520364
Oklahoma City Thunder,Utah Jazz,0.6785418286275422
Utah Jazz,Denver Nuggets,0.6025733498665371
Chicago Bulls,Orlando Magic,0.5483099516077156
Los Angeles Clippers,Philadelphia 76ers,0.9394658916192221
Minnesota Timberwolves,Phoenix Suns,0.6388980766986494
San Antonio Spurs,Toronto Raptors,0.5026820300029019
Boston Celtics,Washington Wizards,0.5186630364625369
Boston Celtics,Houston Rockets,0.6918070402015223
Miami Heat,Brooklyn Nets,0.8554253024117442
Atlanta Hawks,Chicago Bulls,0.5378212233689081
Golden State Warriors,Charlotte Hornets,0.669683395435885
Cleveland Cavaliers,Sacramento Kings,0.905156334977856
Dallas Mavericks,New York Knicks,0.6778107526618735
Toronto Raptors,Memphis Grizzlies,0.7251604098269998
Milwaukee Bucks,Philadelphia 76ers,0.7889639058138019
Oklahoma City Thunder,New Orleans Pelicans,0.8367426638677044
Portland Trail Blazers,Los Angeles Lakers,0.877835156560963
Denver Nuggets,Phoenix Suns,0.6546875055509863
Indiana Pacers,Minnesota Timberwolves,0.6398917712928553
Oklahoma City Thunder,Dallas Mavericks,0.8506650802613791
Utah Jazz,Los Angeles Lakers,0.8183613080115844
Atlanta Hawks,Washington Wizards,0.7205135371638239
Boston Celtics,Orlando Magic,0.7789655971316906
Miami Heat,Chicago Bulls,0.5743391700955991
Cleveland Cavaliers,Brooklyn Nets,0.9559603893339869
Indiana Pacers,Sacramento Kings,0.753532096061425
San Antonio Spurs,New Orleans Pelicans,0.872073639741821
Charlotte Hornets,New York Knicks,0.7193748295384084
Houston Rockets,Philadelphia 76ers,0.904053719435449
Portland Trail Blazers,Memphis Grizzlies,0.7264513279012513
Toronto Raptors,Milwaukee Bucks,0.8713216353796783
Charlotte Hornets,Sacramento Kings,0.7856100200444797
Golden State Warriors,Los Angeles Clippers,0.8841756448131989
Miami Heat,Detroit Pistons,0.6891050657893577
Boston Celtics,Milwaukee Bucks,0.7032815381570237
Minnesota Timberwolves,Brooklyn Nets,0.7040024135458763
Denver Nuggets,Phoenix Suns,0.6414478853502842
Utah Jazz,Memphis Grizzlies,0.624780413578612
Atlanta Hawks,New York Knicks,0.8116426858959749
Chicago Bulls,Philadelphia 76ers,0.8744936534894179
Cleveland Cavaliers,Oklahoma City Thunder,0.6910401729383635
Indiana Pacers,Houston Rockets,0.6437155143847253
Washington Wizards,New Orleans Pelicans,0.646094425867022
Golden State Warriors,Portland Trail Blazers,0.6973692892037451
San Antonio Spurs,Dallas Mavericks,0.9035322188299342
Toronto Raptors,Orlando Magic,0.8389516042440973
Boston Celtics,Detroit Pistons,0.7068245341812378
Cleveland Cavaliers,Dallas Mavericks,0.7233857373643442
Miami Heat,Brooklyn Nets,0.8881786382395884
Orlando Magic,Minnesota Timberwolves,0.5075653491518719
Sacramento Kings,Philadelphia 76ers,0.8477533516236185
Memphis Grizzlies,Phoenix Suns,0.7159918881216825
Houston Rockets,Sacramento Kings,0.681087003658746
Denver Nuggets,Los Angeles Lakers,0.7500531176570421
Portland Trail Blazers,Charlotte Hornets,0.5974998372874335
San Antonio Spurs,Oklahoma City Thunder,0.7833656059777732
Toronto Raptors,New Orleans Pelicans,0.8758754396897523
Washington Wizards,New York Knicks,0.6973953595574389
Boston Celtics,Toronto Raptors,0.5195367206595519
New York Knicks,Brooklyn Nets,0.691894076599654
Cleveland Cavaliers,Minnesota Timberwolves,0.918041951921713
Dallas Mavericks,Philadelphia 76ers,0.8824441304672198
Memphis Grizzlies,Denver Nuggets,0.5212567633104562
Detroit Pistons,New Orleans Pelicans,0.7544548064692919
Golden State Warriors,Charlotte Hornets,0.9073786877419985
Miami Heat,Atlanta Hawks,0.6282699501442118
Oklahoma City Thunder,Chicago Bulls,0.8555978209972457
Indiana Pacers,Orlando Magic,0.5874938367336072
Los Angeles Clippers,Phoenix Suns,0.8526777320161532
Utah Jazz,Milwaukee Bucks,0.7091201126686241
Houston Rockets,Atlanta Hawks,0.5082624231386602
Golden State Warriors,Los Angeles Clippers,0.6178405521182727
San Antonio Spurs,Philadelphia 76ers,0.9837523128749834
Washington Wizards,Los Angeles Lakers,0.823654504580752
Boston Celtics,Los Angeles Lakers,0.8943594560125523
Indiana Pacers,Brooklyn Nets,0.8210762565253399
Denver Nuggets,Milwaukee Bucks,0.5735004314953647
Detroit Pistons,Minnesota Timberwolves,0.7415665939153508
Houston Rockets,Chicago Bulls,0.5741897609745611
Oklahoma City Thunder,Memphis Grizzlies,0.8854495519757062
Toronto Raptors,Orlando Magic,0.7291759506365731
Portland Trail Blazers,Dallas Mavericks,0.6618252285940409
Sacramento Kings,Phoenix Suns,0.6609096393850746
Atlanta Hawks,Orlando Magic,0.7842627918873759
Indiana Pacers,Detroit Pistons,0.6599244412221101
Miami Heat,Philadelphia 76ers,0.9319898617291545
Memphis Grizzlies,Minnesota Timberwolves,0.5372414754773592
Cleveland Cavaliers,New York Knicks,0.8551727706991306
Milwaukee Bucks,Phoenix Suns,0.6326123715039866
Golden State Warriors,Sacramento Kings,0.8663343981865858
San Antonio Spurs,Denver Nuggets,0.9471183691669522
Charlotte Hornets,Utah Jazz,0.5179284548126165
Washington Wizards,New Orleans Pelicans,0.7247963260116078
Boston Celtics,Los Angeles Clippers,0.5767819561606564
Toronto Raptors,Brooklyn Nets,0.8966447255566642
Oklahoma City Thunder,Portland Trail Blazers,0.7633692071262594
Atlanta Hawks,Utah Jazz,0.6985881681600496
Dallas Mavericks,Denver Nuggets,0.5963625167223761
Detroit Pistons,Philadelphia 76ers,0.9056048374180425
Oklahoma City Thunder,Indiana Pacers,0.5825745596019072
San Antonio Spurs,Memphis Grizzlies,0.8099860849972583
Miami Heat,Minnesota Timberwolves,0.6961520334636582
New Orleans Pelicans,Phoenix Suns,0.5860270310044171
New York Knicks,Los Angeles Lakers,0.65377317309536
Chicago Bulls,Sacramento Kings,0.5801326905674096
Toronto Raptors,Los Angeles Clippers,0.66827121307789
Cleveland Cavaliers,Washington Wizards,0.704771146053912
Charlotte Hornets,Brooklyn Nets,0.892871445566217
Portland Trail Blazers,Dallas Mavericks,0.603273930335158
Houston Rockets,Orlando Magic,0.6645922584382833
Atlanta Hawks,Denver Nuggets,0.819759161502544
Washington Wizards,Brooklyn Nets,0.7896302886637939
Detroit Pistons,Los Angeles Lakers,0.844938386997315
Golden State Warriors,Chicago Bulls,0.9307193392926174
Cleveland Cavaliers,Indiana Pacers,0.6206755205836689
Memphis Grizzlies,Phoenix Suns,0.6936128719218657
Miami Heat,Milwaukee Bucks,0.715484982782673
Toronto Raptors,Minnesota Timberwolves,0.7706041212086765
Utah Jazz,New Orleans Pelicans,0.6700347027774859
Los Angeles Clippers,New York Knicks,0.766888120273875
San Antonio Spurs,Philadelphia 76ers,0.9693266996526332
Boston Celtics,Sacramento Kings,0.663299621529877
Charlotte Hornets,Houston Rockets,0.6840941515872138
Dallas Mavericks,Utah Jazz,0.5308590891189291
Oklahoma City Thunder,Cleveland Cavaliers,0.6522734367518013
Orlando Magic,Philadelphia 76ers,0.8365945735115942
Portland Trail Blazers,Boston Celtics,0.5880947279277136
Miami Heat,Brooklyn Nets,0.8554253024117442
San Antonio Spurs,Detroit Pistons,0.6989182945559707
Golden State Warriors,Memphis Grizzlies,0.8480277926199438
Milwaukee Bucks,Los Angeles Lakers,0.6798362418686752
Minnesota Timberwolves,New Orleans Pelicans,0.5678848326220772
Denver Nuggets,New York Knicks,0.5041791913860497
Chicago Bulls,Phoenix Suns,0.7668390748217737
Atlanta Hawks,Sacramento Kings,0.6431888100948542
Washington Wizards,Indiana Pacers,0.5300283947439483
Charlotte Hornets,Los Angeles Clippers,0.5679880496931456
Cleveland Cavaliers,Denver Nuggets,0.9172052286466781
Dallas Mavericks,Orlando Magic,0.6396148113940973
Houston Rockets,Phoenix Suns,0.7840853629530407
Indiana Pacers,Milwaukee Bucks,0.7866487493482457
Oklahoma City Thunder,Golden State Warriors,0.5581325265925836
Miami Heat,Philadelphia 76ers,0.9302677602654816
Boston Celtics,Utah Jazz,0.5276488791753616
Chicago Bulls,Minnesota Timberwolves,0.6023159620357657
San Antonio Spurs,New York Knicks,0.8701094695660394
Sacramento Kings,New Orleans Pelicans,0.590258164918521
Toronto Raptors,Detroit Pistons,0.7808815027148969
Memphis Grizzlies,Brooklyn Nets,0.7498859565236655
Charlotte Hornets,Philadelphia 76ers,0.9349786445748849
Boston Celtics,Dallas Mavericks,0.5413759548213326
Golden State Warriors,Denver Nuggets,0.869503058917675
San Antonio Spurs,Indiana Pacers,0.6498958524336187
Miami Heat,Orlando Magic,0.7641514404824822
Detroit Pistons,Milwaukee Bucks,0.6231723094490995
New Orleans Pelicans,Phoenix Suns,0.6229755531091715
Portland Trail Blazers,Atlanta Hawks,0.609425132346355
Los Angeles Clippers,Utah Jazz,0.5796177251710171
Oklahoma City Thunder,Washington Wizards,0.6706346954797869
Toronto Raptors,Chicago Bulls,0.6642434069379102
Sacramento Kings,Los Angeles Lakers,0.7769507168473755
Cleveland Cavaliers,Minnesota Timberwolves,0.8271089839428866
Boston Celtics,Philadelphia 76ers,0.9371290970898276
Milwaukee Bucks,Brooklyn Nets,0.6718972224778361
Cleveland Cavaliers,Indiana Pacers,0.8370311339167483
Denver Nuggets,Minnesota Timberwolves,0.566848131267657
Detroit Pistons,Dallas Mavericks,0.5974358206330559
Golden State Warriors,Sacramento Kings,0.9551094039423202
Miami Heat,Houston Rockets,0.5287059296123559
Los Angeles Clippers,Atlanta Hawks,0.6898259549611315
Memphis Grizzlies,New Orleans Pelicans,0.625918567098263
Oklahoma City Thunder,New York Knicks,0.9116616881635177
San Antonio Spurs,Orlando Magic,0.8130817362416447
Phoenix Suns,Los Angeles Lakers,0.5176750227723673
Toronto Raptors,Charlotte Hornets,0.72108221706453
Portland Trail Blazers,Utah Jazz,0.5899964303314763
Boston Celtics,Chicago Bulls,0.5598063619290032
Indiana Pacers,Washington Wizards,0.6679487463299708
Cleveland Cavaliers,New York Knicks,0.9130112285215802
Detroit Pistons,Charlotte Hornets,0.5295684987419369
Golden State Warriors,Los Angeles Clippers,0.8841756448131989
Houston Rockets,New Orleans Pelicans,0.6702487392911438
Portland Trail Blazers,Orlando Magic,0.690359797866883
Sacramento Kings,Denver Nuggets,0.5709127310451254
Atlanta Hawks,Miami Heat,0.6205553854685367
Chicago Bulls,Phoenix Suns,0.7511972093917565
Denver Nuggets,Brooklyn Nets,0.7171958699221068
Indiana Pacers,Memphis Grizzlies,0.7157783768937761
San Antonio Spurs,Los Angeles Clippers,0.5525790198530938
Utah Jazz,Milwaukee Bucks,0.6395696828674418
Dallas Mavericks,Minnesota Timberwolves,0.6117075547647671
Oklahoma City Thunder,Los Angeles Lakers,0.9543695524044504
Washington Wizards,Philadelphia 76ers,0.8943254415460042
Toronto Raptors,Boston Celtics,0.7131786158285643
Cleveland Cavaliers,Chicago Bulls,0.8576701308642041
Dallas Mavericks,New Orleans Pelicans,0.7062381111557101
Golden State Warriors,Brooklyn Nets,0.979754050041561
Houston Rockets,Minnesota Timberwolves,0.7148239421464807
Miami Heat,Indiana Pacers,0.652703789034717
New York Knicks,Philadelphia 76ers,0.7687627890342335
Atlanta Hawks,Orlando Magic,0.6129567552067336
Charlotte Hornets,Sacramento Kings,0.6545430853337394
Memphis Grizzlies,Denver Nuggets,0.5212567633104562
Detroit Pistons,Boston Celtics,0.5198516305997938
Los Angeles Clippers,Charlotte Hornets,0.6790627305115998
San Antonio Spurs,Los Angeles Lakers,0.9518508770089357
Milwaukee Bucks,Phoenix Suns,0.6183168744138479
Oklahoma City Thunder,New Orleans Pelicans,0.9218353374428436
Toronto Raptors,Portland Trail Blazers,0.658727814964544
Washington Wizards,Utah Jazz,0.5534919459185896
Boston Celtics,Atlanta Hawks,0.6476840057639709
Cleveland Cavaliers,Milwaukee Bucks,0.9200612770952696
Miami Heat,Dallas Mavericks,0.5560346744631717
Houston Rockets,Indiana Pacers,0.5347429336354841
Toronto Raptors,New York Knicks,0.8056850343136351
Golden State Warriors,Philadelphia 76ers,0.9763972228943413
Sacramento Kings,Minnesota Timberwolves,0.5736222238940502
Chicago Bulls,Denver Nuggets,0.673318585638047
Portland Trail Blazers,Detroit Pistons,0.5433394390094008
Charlotte Hornets,Los Angeles Lakers,0.8832466728050288
Memphis Grizzlies,Phoenix Suns,0.6936128719218657
Oklahoma City Thunder,Utah Jazz,0.8473491430042209
Golden State Warriors,Washington Wizards,0.7799857428233009
Atlanta Hawks,Dallas Mavericks,0.7040067491780103
Cleveland Cavaliers,Boston Celtics,0.5684089897772766
Los Angeles Clippers,Houston Rockets,0.7308643399799604
Miami Heat,Philadelphia 76ers,0.9319898617291545
Milwaukee Bucks,Denver Nuggets,0.5251377513743409
Detroit Pistons,New Orleans Pelicans,0.6542741000664796
Orlando Magic,New York Knicks,0.589295174727649
Sacramento Kings,Brooklyn Nets,0.7227686256800381
San Antonio Spurs,Indiana Pacers,0.8925161297235196
Toronto Raptors,Washington Wizards,0.7869730521963917
Utah Jazz,Minnesota Timberwolves,0.7034894718853124
Golden State Warriors,Chicago Bulls,0.8070995354054225
Charlotte Hornets,Phoenix Suns,0.8185121372316213
Oklahoma City Thunder,Portland Trail Blazers,0.5696137914943262
Cleveland Cavaliers,Atlanta Hawks,0.5607799916457039
Dallas Mavericks,Memphis Grizzlies,0.6117594720341826
Boston Celtics,Los Angeles Lakers,0.8872050939718498
Los Angeles Clippers,Milwaukee Bucks,0.7452561411613239
San Antonio Spurs,New Orleans Pelicans,0.872073639741821
Miami Heat,Orlando Magic,0.6474298376718286
New York Knicks,Philadelphia 76ers,0.8350702847779858
Oklahoma City Thunder,Phoenix Suns,0.8985880317524882
Utah Jazz,Brooklyn Nets,0.8213559965953968
Toronto Raptors,Washington Wizards,0.6263460251866388
Los Angeles Clippers,Chicago Bulls,0.6108465610033547
Charlotte Hornets,Denver Nuggets,0.6607664730508036
Houston Rockets,Memphis Grizzlies,0.637573573446495
Cleveland Cavaliers,Miami Heat,0.5889037155414516
Toronto Raptors,Milwaukee Bucks,0.7866516937967307
Detroit Pistons,Philadelphia 76ers,0.8976764780704746
Portland Trail Blazers,Brooklyn Nets,0.8799930866569287
San Antonio Spurs,Minnesota Timberwolves,0.9476700379392541
Atlanta Hawks,Indiana Pacers,0.6783179276780265
Oklahoma City Thunder,Dallas Mavericks,0.6904563000687338
New Orleans Pelicans,Los Angeles Lakers,0.734863294488151
Golden State Warriors,New York Knicks,0.8976353977368198
Boston Celtics,Phoenix Suns,0.8242285548677488
Utah Jazz,Sacramento Kings,0.5959352177911704
Washington Wizards,Orlando Magic,0.6603577842255334
Golden State Warriors,Atlanta Hawks,0.6547058074002053
Charlotte Hornets,Indiana Pacers,0.6635351490487504
Cleveland Cavaliers,Miami Heat,0.7993370262851767
Denver Nuggets,Sacramento Kings,0.527184468737602
Detroit Pistons,Chicago Bulls,0.6068674388231582
Los Angeles Clippers,Boston Celtics,0.6705125055992606
Memphis Grizzlies,Brooklyn Nets,0.751746872143455
Orlando Magic,New York Knicks,0.589295174727649
Milwaukee Bucks,Philadelphia 76ers,0.8219749597684208
San Antonio Spurs,Houston Rockets,0.9011677087278813
Utah Jazz,New Orleans Pelicans,0.7175533509743546
Dallas Mavericks,Los Angeles Lakers,0.8100153194570778
Oklahoma City Thunder,Portland Trail Blazers,0.7633692071262594
Washington Wizards,Phoenix Suns,0.7593940393771306
Atlanta Hawks,Brooklyn Nets,0.8991102485133586
Washington Wizards,Denver Nuggets,0.5768297347501685
Golden State Warriors,Boston Celtics,0.9040516732890006
Houston Rockets,Utah Jazz,0.5581673187679234
Indiana Pacers,Detroit Pistons,0.6599244412221101
Miami Heat,Charlotte Hornets,0.616558014825599
Milwaukee Bucks,New York Knicks,0.5116575481563216
Los Angeles Clippers,Minnesota Timberwolves,0.7271747705501743
Toronto Raptors,New Orleans Pelicans,0.8084089006951064
Chicago Bulls,Orlando Magic,0.5483099516077156
San Antonio Spurs,Sacramento Kings,0.9391337728486129
Cleveland Cavaliers,Detroit Pistons,0.671722753841371
Los Angeles Clippers,Memphis Grizzlies,0.6767367119461634
Oklahoma City Thunder,San Antonio Spurs,0.623136471890932
Phoenix Suns,Los Angeles Lakers,0.5176750227723673
Portland Trail Blazers,Philadelphia 76ers,0.9267468756942386
Atlanta Hawks,Toronto Raptors,0.5272782092770669
Chicago Bulls,Houston Rockets,0.5120307068375828
Charlotte Hornets,Orlando Magic,0.7727173384674243
Dallas Mavericks,Brooklyn Nets,0.8131161858781437
Boston Celtics,Denver Nuggets,0.6694449263321504
Indiana Pacers,Milwaukee Bucks,0.6610615439617102
Golden State Warriors,Minnesota Timberwolves,0.8766125852764666
Washington Wizards,Sacramento Kings,0.5700684073110112
Charlotte Hornets,New Orleans Pelicans,0.8215976003253853
Dallas Mavericks,Phoenix Suns,0.7648580161499344
Detroit Pistons,New York Knicks,0.7289023084498537
Los Angeles Clippers,Philadelphia 76ers,0.9474579566791906
Atlanta Hawks,Memphis Grizzlies,0.6081440563304082
Toronto Raptors,Miami Heat,0.5014714324139692
Milwaukee Bucks,Minnesota Timberwolves,0.5278972709076677
Oklahoma City Thunder,Utah Jazz,0.8473491430042209
Cleveland Cavaliers,Orlando Magic,0.7931461850024277
Portland Trail Blazers,Washington Wizards,0.6796138396421797
Sacramento Kings,Denver Nuggets,0.5709127310451254
San Antonio Spurs,Golden State Warriors,0.6749944480424886
Boston Celtics,Chicago Bulls,0.7057409794576298
New York Knicks,Brooklyn Nets,0.691894076599654
Cleveland Cavaliers,Houston Rockets,0.7008155707975146
Indiana Pacers,Miami Heat,0.5606543146373635
Los Angeles Lakers,Philadelphia 76ers,0.5297547847907447
Portland Trail Blazers,Phoenix Suns,0.8579669118078019
Charlotte Hornets,Chicago Bulls,0.6982246907112838
Denver Nuggets,Los Angeles Lakers,0.7130650805282073
Memphis Grizzlies,Milwaukee Bucks,0.6162126867912745
Washington Wizards,Minnesota Timberwolves,0.5924098273153147
Sacramento Kings,Orlando Magic,0.5153807750066542
San Antonio Spurs,Atlanta Hawks,0.8819014057872752
Toronto Raptors,Dallas Mavericks,0.7731556483455753
Los Angeles Clippers,Utah Jazz,0.5796177251710171
Oklahoma City Thunder,Brooklyn Nets,0.913328592404455
Cleveland Cavaliers,Detroit Pistons,0.8583065568871933
Golden State Warriors,Philadelphia 76ers,0.9881644529749429
Portland Trail Blazers,New Orleans Pelicans,0.7774834354110458
Indiana Pacers,New York Knicks,0.6868387693980695
Boston Celtics,Minnesota Timberwolves,0.8167903441948056
Chicago Bulls,Memphis Grizzlies,0.5939264183676428
Detroit Pistons,Utah Jazz,0.5911991690816565
Houston Rockets,Los Angeles Lakers,0.8263883320064033
Indiana Pacers,Charlotte Hornets,0.5846721085577304
Los Angeles Clippers,Milwaukee Bucks,0.8471378510466517
Miami Heat,New Orleans Pelicans,0.8144315077576546
Sacramento Kings,Phoenix Suns,0.6749681866640473
San Antonio Spurs,Portland Trail Blazers,0.8413779290919374
Washington Wizards,Dallas Mavericks,0.5598755991788493
Atlanta Hawks,Memphis Grizzlies,0.763452979432993
Cleveland Cavaliers,Utah Jazz,0.8495190094831754
Los Angeles Clippers,Denver Nuggets,0.714261377036653
Golden State Warriors,Orlando Magic,0.9517842481284194
New York Knicks,Brooklyn Nets,0.6583485668923135
Toronto Raptors,Oklahoma City Thunder,0.56819780167114
Boston Celtics,Brooklyn Nets,0.8479486042900819
Toronto Raptors,Detroit Pistons,0.5896303983132203
Milwaukee Bucks,Los Angeles Lakers,0.7428208638256804
Miami Heat,Minnesota Timberwolves,0.8038729944117772
Houston Rockets,New Orleans Pelicans,0.6702487392911438
Dallas Mavericks,Philadelphia 76ers,0.9017006011117229
Orlando Magic,Phoenix Suns,0.6911897648984989
Washington Wizards,Chicago Bulls,0.5695531838028736
Atlanta Hawks,Portland Trail Blazers,0.5739205348215558
Chicago Bulls,Utah Jazz,0.5122726298834895
Charlotte Hornets,Washington Wizards,0.7068317722988408
Houston Rockets,Denver Nuggets,0.602805205458901
Golden State Warriors,Milwaukee Bucks,0.962489407029403
Cleveland Cavaliers,Los Angeles Clippers,0.52122012207672
San Antonio Spurs,Memphis Grizzlies,0.8099860849972583
Oklahoma City Thunder,Sacramento Kings,0.9036977876633149
Dallas Mavericks,Brooklyn Nets,0.8027002783384396
Detroit Pistons,Phoenix Suns,0.8060948271032287
Cleveland Cavaliers,Los Angeles Lakers,0.9457276867289577
Miami Heat,Portland Trail Blazers,0.5455627639509719
Minnesota Timberwolves,New Orleans Pelicans,0.5057847385564906
Boston Celtics,Philadelphia 76ers,0.9263282110632743
San Antonio Spurs,Sacramento Kings,0.9391337728486129
Toronto Raptors,Indiana Pacers,0.7513485198672475
Boston Celtics,Washington Wizards,0.7142214278135106
Charlotte Hornets,Atlanta Hawks,0.6394423921040312
Houston Rockets,Denver Nuggets,0.7125621144869246
Indiana Pacers,Utah Jazz,0.6439375508261886
Los Angeles Clippers,New York Knicks,0.8348111465566563
Oklahoma City Thunder,Golden State Warriors,0.5581325265925836
Orlando Magic,Philadelphia 76ers,0.8365945735115942
Detroit Pistons,Brooklyn Nets,0.7955423014205161
Golden State Warriors,Dallas Mavericks,0.7952358013847836
Los Angeles Clippers,Los Angeles Lakers,0.9066161609406339
Miami Heat,Phoenix Suns,0.8558676871644326
San Antonio Spurs,Minnesota Timberwolves,0.8444134448537317
Memphis Grizzlies,New Orleans Pelicans,0.5932027496716883
Portland Trail Blazers,Milwaukee Bucks,0.7954210427260895
Toronto Raptors,Chicago Bulls,0.7799864595212425
Boston Celtics,Indiana Pacers,0.6715089599091058
Chicago Bulls,Detroit Pistons,0.5298550149167589
Cleveland Cavaliers,Denver Nuggets,0.8177401308784343
Oklahoma City Thunder,Philadelphia 76ers,0.9735617084995353
Charlotte Hornets,Orlando Magic,0.6247117344990514
Sacramento Kings,Milwaukee Bucks,0.5802475270963786
Utah Jazz,New York Knicks,0.6897399308426313
Washington Wizards,Atlanta Hawks,0.5035286796892268
Phoenix Suns,Brooklyn Nets,0.5922362277377808
Los Angeles Clippers,Dallas Mavericks,0.5929994722377727
Toronto Raptors,Miami Heat,0.5014714324139692
Portland Trail Blazers,New York Knicks,0.7800069412760826
San Antonio Spurs,Memphis Grizzlies,0.927058297860518
Boston Celtics,Phoenix Suns,0.8659316821645128
Chicago Bulls,Philadelphia 76ers,0.8744936534894179
Cleveland Cavaliers,Charlotte Hornets,0.5772007059622029
Golden State Warriors,Sacramento Kings,0.9551094039423202
Houston Rockets,New Orleans Pelicans,0.7285576496109551
Indiana Pacers,Denver Nuggets,0.7801650402522269
Minnesota Timberwolves,Los Angeles Lakers,0.7479721904109606
Atlanta Hawks,Milwaukee Bucks,0.684422634500296
Detroit Pistons,Orlando Magic,0.5470159987894648
Washington Wizards,Brooklyn Nets,0.8265804171967148
Cleveland Cavaliers,Washington Wizards,0.8626243351285354
Toronto Raptors,Dallas Mavericks,0.6474317414058395
Los Angeles Clippers,Utah Jazz,0.7310547565541737
Portland Trail Blazers,Minnesota Timberwolves,0.7909685144838734
San Antonio Spurs,New York Knicks,0.9443476904299178
Atlanta Hawks,Brooklyn Nets,0.8991102485133586
Boston Celtics,Miami Heat,0.6132209284093139
Charlotte Hornets,Phoenix Suns,0.8617053520254254
Denver Nuggets,New Orleans Pelicans,0.5835564944927445
Golden State Warriors,Memphis Grizzlies,0.9460212213188831
Oklahoma City Thunder,Houston Rockets,0.6664382184364943
Indiana Pacers,Philadelphia 76ers,0.9230611081975278
Los Angeles Clippers,Sacramento Kings,0.8212772135317254
Portland Trail Blazers,Los Angeles Lakers,0.9101728425696105
Chicago Bulls,Milwaukee Bucks,0.6243980931033863
Oklahoma City Thunder,Dallas Mavericks,0.6904563000687338
Detroit Pistons,New York Knicks,0.6503067969573578
Memphis Grizzlies,Sacramento Kings,0.5143550720166595
San Antonio Spurs,Cleveland Cavaliers,0.7551597185568275
Toronto Raptors,Orlando Magic,0.8389516042440973
Utah Jazz,New Orleans Pelicans,0.7175533509743546
Atlanta Hawks,Phoenix Suns,0.8694938726625259
Brooklyn Nets,Philadelphia 76ers,0.6137406720198899
Charlotte Hornets,Milwaukee Bucks,0.815472010764408
Detroit Pistons,Miami Heat,0.5050616410350295
Golden State Warriors,Houston Rockets,0.776718648557498
Indiana Pacers,Minnesota Timberwolves,0.7820576100958958
Washington Wizards,Los Angeles Lakers,0.8411222402300997
Portland Trail Blazers,Denver Nuggets,0.7891324609625735
Boston Celtics,Milwaukee Bucks,0.8208174481297652
Los Angeles Clippers,Washington Wizards,0.7514586682961348
Indiana Pacers,Memphis Grizzlies,0.5825801343990151
Dallas Mavericks,New Orleans Pelicans,0.6642907742794978
Miami Heat,New York Knicks,0.7387588422536828
Oklahoma City Thunder,Orlando Magic,0.7658330723537428
Atlanta Hawks,Philadelphia 76ers,0.9200338373393068
Utah Jazz,Sacramento Kings,0.5959352177911704
San Antonio Spurs,Golden State Warriors,0.6749944480424886
Toronto Raptors,Charlotte Hornets,0.72108221706453
Cleveland Cavaliers,Chicago Bulls,0.7380410595669373
Detroit Pistons,Brooklyn Nets,0.8475765102294647
Minnesota Timberwolves,Los Angeles Lakers,0.6997595881056864
Los Angeles Clippers,Phoenix Suns,0.8526777320161532
Portland Trail Blazers,Houston Rockets,0.6557932277242924
Boston Celtics,Orlando Magic,0.7789655971316906
Charlotte Hornets,Denver Nuggets,0.8096522834354395
Cleveland Cavaliers,Philadelphia 76ers,0.973992581914081
Golden State Warriors,Houston Rockets,0.9263266012308601
Dallas Mavericks,Memphis Grizzlies,0.5530434692684865
Miami Heat,New York Knicks,0.7934113840834807
Detroit Pistons,Milwaukee Bucks,0.6231723094490995
Sacramento Kings,New Orleans Pelicans,0.5456965779961279
Oklahoma City Thunder,San Antonio Spurs,0.623136471890932
Toronto Raptors,Indiana Pacers,0.7513485198672475
Utah Jazz,Washington Wizards,0.5708192979953824
Orlando Magic,Brooklyn Nets,0.7269148233204432
Atlanta Hawks,Chicago Bulls,0.5378212233689081
Los Angeles Clippers,Los Angeles Lakers,0.9110478500447097
Minnesota Timberwolves,Sacramento Kings,0.5111684537085919
Portland Trail Blazers,Phoenix Suns,0.845727736495679
Atlanta Hawks,Brooklyn Nets,0.8361421889507
Cleveland Cavaliers,Indiana Pacers,0.8370311339167483
Golden State Warriors,Washington Wizards,0.9333285112768063
Memphis Grizzlies,Los Angeles Lakers,0.8087498983214494
Miami Heat,Denver Nuggets,0.8021219324638287
Dallas Mavericks,Milwaukee Bucks,0.6335854423399139
Chicago Bulls,New Orleans Pelicans,0.6554546490537939
Boston Celtics,New York Knicks,0.7271730063667625
Oklahoma City Thunder,Charlotte Hornets,0.8120592810587658
Houston Rockets,Phoenix Suns,0.778466989450081
San Antonio Spurs,Utah Jazz,0.9012539131654698
Toronto Raptors,Philadelphia 76ers,0.9565838588580708
Cleveland Cavaliers,Orlando Magic,0.8985241565572304
Golden State Warriors,Minnesota Timberwolves,0.9614970032934337
Toronto Raptors,Indiana Pacers,0.5346610556056581
Denver Nuggets,New Orleans Pelicans,0.5085514730208586
Chicago Bulls,New York Knicks,0.6514936770489553
Oklahoma City Thunder,Milwaukee Bucks,0.9188113849221189
Brooklyn Nets,Philadelphia 76ers,0.7099906433829324
Dallas Mavericks,Sacramento Kings,0.5896912846273701
San Antonio Spurs,Memphis Grizzlies,0.927058297860518
Portland Trail Blazers,Utah Jazz,0.5899964303314763
Charlotte Hornets,Washington Wizards,0.5089297928679415
Cleveland Cavaliers,Boston Celtics,0.5684089897772766
Charlotte Hornets,Miami Heat,0.6046652112774915
Toronto Raptors,Detroit Pistons,0.5896303983132203
Houston Rockets,Denver Nuggets,0.7125621144869246
Los Angeles Clippers,Dallas Mavericks,0.7361101519343061
Oklahoma City Thunder,Memphis Grizzlies,0.7621837855703997
Golden State Warriors,Phoenix Suns,0.9391269298868805
San Antonio Spurs,Los Angeles Lakers,0.9717430378612711
Atlanta Hawks,Boston Celtics,0.6343924426923212
Indiana Pacers,Milwaukee Bucks,0.7866487493482457
Washington Wizards,New York Knicks,0.6420846062649017
Orlando Magic,Brooklyn Nets,0.7479503126660112
Chicago Bulls,Philadelphia 76ers,0.8981552584513385
Portland Trail Blazers,Minnesota Timberwolves,0.7909685144838734
Cleveland Cavaliers,Atlanta Hawks,0.8220295387907802
San Antonio Spurs,Dallas Mavericks,0.747907574798972
Denver Nuggets,New Orleans Pelicans,0.5835564944927445
Houston Rockets,Detroit Pistons,0.5754663334328689
Sacramento Kings,Los Angeles Lakers,0.7769507168473755
Memphis Grizzlies,New York Knicks,0.5941848928737558
Oklahoma City Thunder,Phoenix Suns,0.8985880317524882
Toronto Raptors,Miami Heat,0.7009175982457034
Utah Jazz,Minnesota Timberwolves,0.7034894718853124
Chicago Bulls,Brooklyn Nets,0.796390581038142
Charlotte Hornets,Boston Celtics,0.6187257038231764
Golden State Warriors,New Orleans Pelicans,0.9639503561124481
Indiana Pacers,Orlando Magic,0.5874938367336072
Milwaukee Bucks,Philadelphia 76ers,0.8219749597684208
Portland Trail Blazers,Utah Jazz,0.656011759518183
San Antonio Spurs,Los Angeles Clippers,0.8470000013253772
Miami Heat,Washington Wizards,0.5334220566388772
Cleveland Cavaliers,Atlanta Hawks,0.5607799916457039
Oklahoma City Thunder,Denver Nuggets,0.7928261813119253
Minnesota Timberwolves,Los Angeles Lakers,0.7479721904109606
Detroit Pistons,Memphis Grizzlies,0.5419960221795148
Toronto Raptors,New York Knicks,0.8056850343136351
Dallas Mavericks,Phoenix Suns,0.7738044455624149
Houston Rockets,Sacramento Kings,0.5961683506619109
Boston Celtics,Brooklyn Nets,0.8962599938014695
Chicago Bulls,Orlando Magic,0.6222712269951891
Detroit Pistons,Washington Wizards,0.6166495727337131
Golden State Warriors,Utah Jazz,0.9263926537527296
Los Angeles Clippers,Houston Rockets,0.7308643399799604
Cleveland Cavaliers,Miami Heat,0.5889037155414516
Charlotte Hornets,Milwaukee Bucks,0.695086818048515
Indiana Pacers,Philadelphia 76ers,0.9118683190475515
San Antonio Spurs,Portland Trail Blazers,0.6377255216069952
Atlanta Hawks,Charlotte Hornets,0.6433814641417135
Dallas Mavericks,Denver Nuggets,0.6894878904579694
New Orleans Pelicans,Los Angeles Lakers,0.734863294488151
Oklahoma City Thunder,Minnesota Timberwolves,0.8031674447918999
Sacramento Kings,Phoenix Suns,0.6609096393850746
Boston Celtics,Milwaukee Bucks,0.8208174481297652
Chicago Bulls,Brooklyn Nets,0.8015314940676493
Cleveland Cavaliers,Toronto Raptors,0.7309545546978692
Golden State Warriors,Los Angeles Lakers,0.9793478936526382
Houston Rockets,Minnesota Timberwolves,0.7148239421464807
Indiana Pacers,Atlanta Hawks,0.5967209445126708
Los Angeles Clippers,Sacramento Kings,0.8212772135317254
Dallas Mavericks,Memphis Grizzlies,0.5530434692684865
Miami Heat,Washington Wizards,0.6967572250562925
New York Knicks,Philadelphia 76ers,0.7687627890342335
Oklahoma City Thunder,Denver Nuggets,0.9159147615238522
Detroit Pistons,Orlando Magic,0.5470159987894648
Portland Trail Blazers,New Orleans Pelicans,0.8020506721033909
San Antonio Spurs,Utah Jazz,0.7373632812066246
